{"class_name": "Model", "config": {"name": "model_6", "layers": [{"name": "input_4", "class_name": "InputLayer", "config": {"batch_input_shape": [null, 256], "dtype": "float32", "sparse": false, "name": "input_4"}, "inbound_nodes": []}, {"name": "dense_6", "class_name": "Dense", "config": {"name": "dense_6", "trainable": true, "units": 256, "activation": "sigmoid", "use_bias": true, "kernel_initializer": {"class_name": "VarianceScaling", "config": {"scale": 1.0, "mode": "fan_avg", "distribution": "uniform", "seed": null}}, "bias_initializer": {"class_name": "Zeros", "config": {}}, "kernel_regularizer": null, "bias_regularizer": null, "activity_regularizer": {"class_name": "L1L2", "config": {"l1": 0.0, "l2": 9.999999747378752e-05}}, "kernel_constraint": null, "bias_constraint": null}, "inbound_nodes": [[["input_4", 0, 0, {}]]]}], "input_layers": [["input_4", 0, 0]], "output_layers": [["dense_6", 0, 0]]}, "keras_version": "2.2.4", "backend": "tensorflow"}